{"not reported speech": {"precision": 0.9591549295774648, "recall": 0.9240162822252375, "f1-score": 0.9412577747062889, "support": 737.0}, "reported speech": {"precision": 0.9267015706806283, "recall": 0.9606512890094979, "f1-score": 0.9433710859427049, "support": 737.0}, "accuracy": 0.9423337856173677, "macro avg": {"precision": 0.9429282501290466, "recall": 0.9423337856173677, "f1-score": 0.9423144303244969, "support": 1474.0}, "weighted avg": {"precision": 0.9429282501290466, "recall": 0.9423337856173677, "f1-score": 0.9423144303244968, "support": 1474.0}}